chapter_id,title,order_index,created_at,updated_at
cb0a55e3-d685-44d9-a071-366112e8f017,TEXTBOOK READING,1,2026-05-06T19:38:12.856238Z,2026-05-06T19:38:12.856238Z
cb0a55e3-d685-44d9-a071-366112e8f017,TEXTUAL QUESTION,2,2026-05-06T19:38:12.856238Z,2026-05-06T19:38:12.856238Z
cb0a55e3-d685-44d9-a071-366112e8f017,DREAM 90 MCQ,3,2026-05-06T19:38:12.856238Z,2026-05-06T19:38:12.856238Z
cb0a55e3-d685-44d9-a071-366112e8f017,DREAM 90 2 MARK QUESTION,4,2026-05-06T19:38:12.856238Z,2026-05-06T19:38:12.856238Z
cb0a55e3-d685-44d9-a071-366112e8f017,DREAM 90 SOLVE 10 MARK BRIEF QUESTION,5,2026-05-06T19:38:12.856238Z,2026-05-06T19:38:12.856238Z
cb0a55e3-d685-44d9-a071-366112e8f017,DREAK 90 LW,6,2026-05-06T19:38:12.856238Z,2026-05-06T19:38:12.856238Z
cb0a55e3-d685-44d9-a071-366112e8f017,DREAM 90 TEST PAPER,7,2026-05-06T19:38:12.856238Z,2026-05-06T19:38:12.856238Z
bec6024b-5964-4743-aa22-f886fcd4124e,TEXTBOOK READING,1,2026-05-06T19:38:12.856238Z,2026-05-06T19:38:12.856238Z
bec6024b-5964-4743-aa22-f886fcd4124e,TEXTUAL QUESTION,2,2026-05-06T19:38:12.856238Z,2026-05-06T19:38:12.856238Z
bec6024b-5964-4743-aa22-f886fcd4124e,DREAM 90 MCQ,3,2026-05-06T19:38:12.856238Z,2026-05-06T19:38:12.856238Z
bec6024b-5964-4743-aa22-f886fcd4124e,DREAM 90 2 MARK QUESTION,4,2026-05-06T19:38:12.856238Z,2026-05-06T19:38:12.856238Z
bec6024b-5964-4743-aa22-f886fcd4124e,DREAM 90 SOLVE 10 MARK BRIEF QUESTION,5,2026-05-06T19:38:12.856238Z,2026-05-06T19:38:12.856238Z
bec6024b-5964-4743-aa22-f886fcd4124e,DREAK 90 LW,6,2026-05-06T19:38:12.856238Z,2026-05-06T19:38:12.856238Z
bec6024b-5964-4743-aa22-f886fcd4124e,DREAM 90 TEST PAPER,7,2026-05-06T19:38:12.856238Z,2026-05-06T19:38:12.856238Z
8c7e085b-76ab-4448-864d-b18d36411416,TEXTBOOK READING,1,2026-05-06T19:38:12.856238Z,2026-05-06T19:38:12.856238Z
8c7e085b-76ab-4448-864d-b18d36411416,TEXTUAL QUESTION,2,2026-05-06T19:38:12.856238Z,2026-05-06T19:38:12.856238Z
8c7e085b-76ab-4448-864d-b18d36411416,DREAM 90 MCQ,3,2026-05-06T19:38:12.856238Z,2026-05-06T19:38:12.856238Z
8c7e085b-76ab-4448-864d-b18d36411416,DREAM 90 2 MARK QUESTION,4,2026-05-06T19:38:12.856238Z,2026-05-06T19:38:12.856238Z
8c7e085b-76ab-4448-864d-b18d36411416,DREAM 90 SOLVE 10 MARK BRIEF QUESTION,5,2026-05-06T19:38:12.856238Z,2026-05-06T19:38:12.856238Z
8c7e085b-76ab-4448-864d-b18d36411416,DREAK 90 LW,6,2026-05-06T19:38:12.856238Z,2026-05-06T19:38:12.856238Z
8c7e085b-76ab-4448-864d-b18d36411416,DREAM 90 TEST PAPER,7,2026-05-06T19:38:12.856238Z,2026-05-06T19:38:12.856238Z
dd3b9739-c332-4b01-8346-ed20d9a06b4b,TEXTBOOK READING,1,2026-05-06T19:38:12.856238Z,2026-05-06T19:38:12.856238Z
dd3b9739-c332-4b01-8346-ed20d9a06b4b,TEXTUAL QUESTION,2,2026-05-06T19:38:12.856238Z,2026-05-06T19:38:12.856238Z
dd3b9739-c332-4b01-8346-ed20d9a06b4b,DREAM 90 MCQ,3,2026-05-06T19:38:12.856238Z,2026-05-06T19:38:12.856238Z
dd3b9739-c332-4b01-8346-ed20d9a06b4b,DREAM 90 2 MARK QUESTION,4,2026-05-06T19:38:12.856238Z,2026-05-06T19:38:12.856238Z
dd3b9739-c332-4b01-8346-ed20d9a06b4b,DREAM 90 SOLVE 10 MARK BRIEF QUESTION,5,2026-05-06T19:38:12.856238Z,2026-05-06T19:38:12.856238Z
dd3b9739-c332-4b01-8346-ed20d9a06b4b,DREAK 90 LW,6,2026-05-06T19:38:12.856238Z,2026-05-06T19:38:12.856238Z
dd3b9739-c332-4b01-8346-ed20d9a06b4b,DREAM 90 TEST PAPER,7,2026-05-06T19:38:12.856238Z,2026-05-06T19:38:12.856238Z
d4834161-eca4-4c7f-a6de-b85ccf48d708,TEXTBOOK READING,1,2026-05-06T19:38:12.856238Z,2026-05-06T19:38:12.856238Z
d4834161-eca4-4c7f-a6de-b85ccf48d708,TEXTUAL QUESTION,2,2026-05-06T19:38:12.856238Z,2026-05-06T19:38:12.856238Z
d4834161-eca4-4c7f-a6de-b85ccf48d708,DREAM 90 MCQ,3,2026-05-06T19:38:12.856238Z,2026-05-06T19:38:12.856238Z
d4834161-eca4-4c7f-a6de-b85ccf48d708,DREAM 90 2 MARK QUESTION,4,2026-05-06T19:38:12.856238Z,2026-05-06T19:38:12.856238Z
d4834161-eca4-4c7f-a6de-b85ccf48d708,DREAM 90 SOLVE 10 MARK BRIEF QUESTION,5,2026-05-06T19:38:12.856238Z,2026-05-06T19:38:12.856238Z
d4834161-eca4-4c7f-a6de-b85ccf48d708,DREAK 90 LW,6,2026-05-06T19:38:12.856238Z,2026-05-06T19:38:12.856238Z
d4834161-eca4-4c7f-a6de-b85ccf48d708,DREAM 90 TEST PAPER,7,2026-05-06T19:38:12.856238Z,2026-05-06T19:38:12.856238Z
