id,subject_id,title,order_index,description,created_at,updated_at
4073d9a9-633d-4c25-8088-c163f7ab5422,c83004d1-ef52-4dcf-9143-158a58bc6f2d,GOODS AND SERVICE TAX,1,Imported from ICSE curriculum,2026-05-04T18:32:52.468923,2026-05-04T18:32:52.468926
4cc42f54-a42b-43a8-8816-bfe91fe83c30,c83004d1-ef52-4dcf-9143-158a58bc6f2d,BANKING,2,Imported from ICSE curriculum,2026-05-04T18:32:52.468928,2026-05-04T18:32:52.468929
ebad02e5-0ce3-462a-8665-6d8eb78b49ba,c83004d1-ef52-4dcf-9143-158a58bc6f2d,SHARES AND DIVIDENDS,3,Imported from ICSE curriculum,2026-05-04T18:32:52.468930,2026-05-04T18:32:52.468931
16d181cf-7afb-4fd4-94ab-2eef7fb36668,c83004d1-ef52-4dcf-9143-158a58bc6f2d,LINEAR INEQUALITIES,4,Imported from ICSE curriculum,2026-05-04T18:32:52.468933,2026-05-04T18:32:52.468933
8e5348d5-8064-4bef-9014-9a9bc1d3f122,c83004d1-ef52-4dcf-9143-158a58bc6f2d,QUADRATIC EQUATIONS,5,Imported from ICSE curriculum,2026-05-04T18:32:52.468935,2026-05-04T18:32:52.468935
36b65668-5c9c-4566-afe2-fc914437efb9,c83004d1-ef52-4dcf-9143-158a58bc6f2d,SOLVING PROBLEM QUADRATIC EQUATIONS,6,Imported from ICSE curriculum,2026-05-04T18:32:52.468937,2026-05-04T18:32:52.468937
56654c0d-7f46-4b43-98a8-8b60a7062b33,c83004d1-ef52-4dcf-9143-158a58bc6f2d,RATIO AND PROPORTION,7,Imported from ICSE curriculum,2026-05-04T18:32:52.468939,2026-05-04T18:32:52.468939
ceab5e8d-b69c-4b1f-8cf0-00f73e8dbe9b,c83004d1-ef52-4dcf-9143-158a58bc6f2d,REMAINDER AND FACTOR THEOREM (FACTORISATION  OF POLYNOMIAL),8,Imported from ICSE curriculum,2026-05-04T18:32:52.468941,2026-05-04T18:32:52.468942
4fc7efbb-50d7-45ae-b04a-02760ffe2bc0,c83004d1-ef52-4dcf-9143-158a58bc6f2d,MATRICES,9,Imported from ICSE curriculum,2026-05-04T18:32:52.468944,2026-05-04T18:32:52.468944
a1480e37-1757-43e2-af2e-a3f4c4215e36,c83004d1-ef52-4dcf-9143-158a58bc6f2d,ARITHMETIC  PROGRESSION,10,Imported from ICSE curriculum,2026-05-04T18:32:52.468946,2026-05-04T18:32:52.468946
28d55215-94c1-4649-8bea-79993087f350,c83004d1-ef52-4dcf-9143-158a58bc6f2d,GEOMETRIC PROGRESSION,11,Imported from ICSE curriculum,2026-05-04T18:32:52.468948,2026-05-04T18:32:52.468949
775c8399-a505-45c8-8b87-a7eeb5cbc025,c83004d1-ef52-4dcf-9143-158a58bc6f2d,REFLECTION,12,Imported from ICSE curriculum,2026-05-04T18:32:52.468951,2026-05-04T18:32:52.468951
5aa77195-4174-4e59-b1c9-b9511c8cd67b,c83004d1-ef52-4dcf-9143-158a58bc6f2d,SECTION  AND MID POINT FORMULA,13,Imported from ICSE curriculum,2026-05-04T18:32:52.468954,2026-05-04T18:32:52.468954
5f99cac1-1581-458e-8b05-c28c5023b636,c83004d1-ef52-4dcf-9143-158a58bc6f2d,EQUATION OF A STRAIGHT LINE,14,Imported from ICSE curriculum,2026-05-04T18:32:52.468956,2026-05-04T18:32:52.468956
872897b4-1f6a-457e-94f8-675f669dcdb7,c83004d1-ef52-4dcf-9143-158a58bc6f2d,SIMILARITY,15,Imported from ICSE curriculum,2026-05-04T18:32:52.468958,2026-05-04T18:32:52.468958
e819e813-391f-4834-bc66-e2ddc9adb6d5,c83004d1-ef52-4dcf-9143-158a58bc6f2d,LOCUS,16,Imported from ICSE curriculum,2026-05-04T18:32:52.468960,2026-05-04T18:32:52.468960
a631b7c4-d9d0-42c4-a6b8-add6e66cc963,c83004d1-ef52-4dcf-9143-158a58bc6f2d,CIRCLES,17,Imported from ICSE curriculum,2026-05-04T18:32:52.468962,2026-05-04T18:32:52.468962
1ac0ebd4-a5f4-495a-bea5-e4046e71110d,c83004d1-ef52-4dcf-9143-158a58bc6f2d,CONSTRUCTIONS,18,Imported from ICSE curriculum,2026-05-04T18:32:52.468964,2026-05-04T18:32:52.468964
65bed753-d834-4d52-813d-a0e95e34efe4,c83004d1-ef52-4dcf-9143-158a58bc6f2d,MENSURATION,19,Imported from ICSE curriculum,2026-05-04T18:32:52.468966,2026-05-04T18:32:52.468966
510efbf7-8623-4cde-a5f2-94311d7469b6,c83004d1-ef52-4dcf-9143-158a58bc6f2d,TRIGONOMETRY IDENTITIES,20,Imported from ICSE curriculum,2026-05-04T18:32:52.468968,2026-05-04T18:32:52.468968
22649764-bb1d-4332-a30c-e083c83945be,c83004d1-ef52-4dcf-9143-158a58bc6f2d,HIGHT & DISTANCE,21,Imported from ICSE curriculum,2026-05-04T18:32:52.468970,2026-05-04T18:32:52.468970
68b833de-48f8-438e-b9f7-b76b4f7fc354,c83004d1-ef52-4dcf-9143-158a58bc6f2d,GRAPHICAL REPRESENTATION,22,Imported from ICSE curriculum,2026-05-04T18:32:52.468972,2026-05-04T18:32:52.468973
ebd3a75f-8ecd-4a7a-926a-39bef1446316,c83004d1-ef52-4dcf-9143-158a58bc6f2d,PROBABILITY,23,Imported from ICSE curriculum,2026-05-04T18:32:52.468974,2026-05-04T18:32:52.468975
c7dcdc1d-0d71-4ff1-9868-e4054acadd02,2b70adcd-372a-4231-a6f7-434808fadb90,CELL (FOR REVISION ONLY),1,Imported from ICSE curriculum,2026-05-04T18:32:52.468976,2026-05-04T18:32:52.468977
f3173074-78d1-42ba-8a1a-59a78692ec98,2b70adcd-372a-4231-a6f7-434808fadb90,"STRUCTURE OF CHROMOSOMES,CELL CYCLE AND CELL DIVISION",2,Imported from ICSE curriculum,2026-05-04T18:32:52.468978,2026-05-04T18:32:52.468979
31040d80-ec02-465e-b00d-0bed6a11c83c,2b70adcd-372a-4231-a6f7-434808fadb90,GENETICS,3,Imported from ICSE curriculum,2026-05-04T18:32:52.468981,2026-05-04T18:32:52.468981
826e31dd-226e-42ff-927c-5d2da153114e,2b70adcd-372a-4231-a6f7-434808fadb90,ABSORPTION BY ROOTS,4,Imported from ICSE curriculum,2026-05-04T18:32:52.468983,2026-05-04T18:32:52.468983
6df530c4-bea9-4ce8-b328-f24881894ac5,2b70adcd-372a-4231-a6f7-434808fadb90,TRANSPIRATION,5,Imported from ICSE curriculum,2026-05-04T18:32:52.468985,2026-05-04T18:32:52.468985
4d55b60f-2e4e-48c4-b2f4-a5027c3c853f,2b70adcd-372a-4231-a6f7-434808fadb90,PHOTOSYNTHESIS,6,Imported from ICSE curriculum,2026-05-04T18:32:52.468987,2026-05-04T18:32:52.468987
93b5f144-0961-4afa-8b9b-513559b7105b,2b70adcd-372a-4231-a6f7-434808fadb90,CHEMICAL COORDINATION IN PLANTS,7,Imported from ICSE curriculum,2026-05-04T18:32:52.468989,2026-05-04T18:32:52.468989
4b1c7b26-104c-4148-bed7-c794a56abfea,2b70adcd-372a-4231-a6f7-434808fadb90,THE CIRCULATORY SYSTEM,8,Imported from ICSE curriculum,2026-05-04T18:32:52.468991,2026-05-04T18:32:52.468991
924257dd-8b72-48e6-a909-77d836012ca0,2b70adcd-372a-4231-a6f7-434808fadb90,THE EXCRETORY SYSTEM,9,Imported from ICSE curriculum,2026-05-04T18:32:52.468993,2026-05-04T18:32:52.468993
424fc887-fabd-48a0-908a-c49b7b2c54f6,2b70adcd-372a-4231-a6f7-434808fadb90,THE NERVOUS SYSTEM,10,Imported from ICSE curriculum,2026-05-04T18:32:52.468995,2026-05-04T18:32:52.468995
10757ec9-63a6-46be-b297-909d9ad5afd9,2b70adcd-372a-4231-a6f7-434808fadb90,SENSE ORGANS,11,Imported from ICSE curriculum,2026-05-04T18:32:52.468997,2026-05-04T18:32:52.468997
8a31d688-d241-4022-947e-bb0cd1612406,2b70adcd-372a-4231-a6f7-434808fadb90,THE ENDOCRINE SYSTEM,12,Imported from ICSE curriculum,2026-05-04T18:32:52.468999,2026-05-04T18:32:52.468999
d5cff02a-63bb-40c4-856c-a5d86c6f16ad,2b70adcd-372a-4231-a6f7-434808fadb90,THE REPRODUCTIVITY SYSTEM,13,Imported from ICSE curriculum,2026-05-04T18:32:52.469001,2026-05-04T18:32:52.469001
1f2b9f80-06db-4847-8a5b-a3d7c7e26801,2b70adcd-372a-4231-a6f7-434808fadb90,HUMAN EVOLUTION,14,Imported from ICSE curriculum,2026-05-04T18:32:52.469003,2026-05-04T18:32:52.469003
9b49f111-2cd3-4832-a47e-aeda240186e7,2b70adcd-372a-4231-a6f7-434808fadb90,POPULATION- THE INCREASING NUMBERS & RISING PROBLEMS,15,Imported from ICSE curriculum,2026-05-04T18:32:52.469005,2026-05-04T18:32:52.469005
fe35bb72-d36f-4473-97e8-5c88f8546f91,2b70adcd-372a-4231-a6f7-434808fadb90,POLLUTION - A RISING ENVIRONMENTAL PROBLEM,16,Imported from ICSE curriculum,2026-05-04T18:32:52.469007,2026-05-04T18:32:52.469008
369f40dc-eb3c-4a1f-ad56-67f89829cc33,ac0efc1b-7971-4b16-9925-f1f978e8f44e,EMAIL & NOTICE WRITING,1,Imported from ICSE curriculum,2026-05-04T18:32:52.469010,2026-05-04T18:32:52.469010
9dde07f1-5875-48da-b25f-273764b637c0,ac0efc1b-7971-4b16-9925-f1f978e8f44e,FORMAL & INFORMAL LETTER WRITING,2,Imported from ICSE curriculum,2026-05-04T18:32:52.469012,2026-05-04T18:32:52.469012
746d6524-b26a-4363-a512-a012dfdd0e5e,ac0efc1b-7971-4b16-9925-f1f978e8f44e,SUBJECT VERB,3,Imported from ICSE curriculum,2026-05-04T18:32:52.469014,2026-05-04T18:32:52.469014
52c7ad87-f948-4819-a943-44485211858c,ac0efc1b-7971-4b16-9925-f1f978e8f44e,PREPOSITION,4,Imported from ICSE curriculum,2026-05-04T18:32:52.469016,2026-05-04T18:32:52.469016
bd68c55e-75a4-4778-9cc6-abfa9323fb9e,ac0efc1b-7971-4b16-9925-f1f978e8f44e,SYNTHESIS,5,Imported from ICSE curriculum,2026-05-04T18:32:52.469018,2026-05-04T18:32:52.469018
f29ff9cb-7136-4e66-ab4b-2df60808f7ee,ac0efc1b-7971-4b16-9925-f1f978e8f44e,TRANSFORMATION OF SENTENCES,6,Imported from ICSE curriculum,2026-05-04T18:32:52.469020,2026-05-04T18:32:52.469020
e7a07805-7a3e-4af0-81b7-a565d89755e3,ac0efc1b-7971-4b16-9925-f1f978e8f44e,COMPREHENSION,7,Imported from ICSE curriculum,2026-05-04T18:32:52.469243,2026-05-04T18:32:52.469245
1a37c4bb-fa83-4c11-9a1e-3ea5ed5eb8ab,ac0efc1b-7971-4b16-9925-f1f978e8f44e,DEGREES  OF COMPARISON,8,Imported from ICSE curriculum,2026-05-04T18:32:52.469247,2026-05-04T18:32:52.469247
e6f34b98-8b77-4b3e-b76b-8965d07cbc54,ac0efc1b-7971-4b16-9925-f1f978e8f44e,STORY WRITING,9,Imported from ICSE curriculum,2026-05-04T18:32:52.469249,2026-05-04T18:32:52.469250
9f58c1be-ebb0-40ab-8136-f6f6fd09b0db,ac0efc1b-7971-4b16-9925-f1f978e8f44e,ARGUMENTATIVE ESSAY,10,Imported from ICSE curriculum,2026-05-04T18:32:52.469251,2026-05-04T18:32:52.469252
0a421153-583c-4aa2-a9f8-8ada09e5e2fe,ac0efc1b-7971-4b16-9925-f1f978e8f44e,DESCRIPTIVE ESSAY,11,Imported from ICSE curriculum,2026-05-04T18:32:52.469253,2026-05-04T18:32:52.469254
51173a43-8eea-4362-b7d1-cb8621a37c85,ac0efc1b-7971-4b16-9925-f1f978e8f44e,NARRATIVE ESSAY,12,Imported from ICSE curriculum,2026-05-04T18:32:52.469255,2026-05-04T18:32:52.469256
1f0615f9-4bb7-40bf-bec9-c2b24c815a32,ac0efc1b-7971-4b16-9925-f1f978e8f44e,PICTURE COMPOSTION,13,Imported from ICSE curriculum,2026-05-04T18:32:52.469257,2026-05-04T18:32:52.469258
156b602e-8b07-4b7f-a555-b1983b5adfdd,ac0efc1b-7971-4b16-9925-f1f978e8f44e,ARTICLES,14,Imported from ICSE curriculum,2026-05-04T18:32:52.469259,2026-05-04T18:32:52.469260
2117b233-ea97-401e-b72c-2266f0bcf13a,ac0efc1b-7971-4b16-9925-f1f978e8f44e,TENSES,15,Imported from ICSE curriculum,2026-05-04T18:32:52.469261,2026-05-04T18:32:52.469262
4ab5588d-1a82-4c6e-9f8f-f700cb6c9a53,ac0efc1b-7971-4b16-9925-f1f978e8f44e,GRID WRITNG,16,Imported from ICSE curriculum,2026-05-04T18:32:52.469263,2026-05-04T18:32:52.469264
e1423e20-8864-4b0d-a89b-c4a432a53fe2,a4e34d90-9484-4a74-89d6-fc75030c828a,"THE FIRST WAR IF INDEPENDENCE,1857",1,Imported from ICSE curriculum,2026-05-04T18:32:52.469265,2026-05-04T18:32:52.469266
0036b5f6-6644-430a-8ce3-f1e35cd44914,a4e34d90-9484-4a74-89d6-fc75030c828a,GROWTH OF NATIONALISM,2,Imported from ICSE curriculum,2026-05-04T18:32:52.469267,2026-05-04T18:32:52.469268
4deb8486-333f-4257-9368-117f25de3204,a4e34d90-9484-4a74-89d6-fc75030c828a,FIRST PHASE OF THE INDIAN NATIONAL MOVEMENT,3,Imported from ICSE curriculum,2026-05-04T18:32:52.469269,2026-05-04T18:32:52.469270
4983e871-f04a-4b76-b57e-89cc4dfb1d60,a4e34d90-9484-4a74-89d6-fc75030c828a,SECOND PHASE OF THE INDIAN NATIONAL MOVEMENT,4,Imported from ICSE curriculum,2026-05-04T18:32:52.469272,2026-05-04T18:32:52.469272
c7178908-0b6e-4ba6-b28b-44e3dd077acb,a4e34d90-9484-4a74-89d6-fc75030c828a,THE MUSLIM LEAGUE,5,Imported from ICSE curriculum,2026-05-04T18:32:52.469274,2026-05-04T18:32:52.469274
594b93ad-f721-4bf7-9efb-daa26626b687,a4e34d90-9484-4a74-89d6-fc75030c828a,MAHATMA GANDHI,6,Imported from ICSE curriculum,2026-05-04T18:32:52.469276,2026-05-04T18:32:52.469276
1c6b5509-d166-4e68-8ba8-049d639b5f23,a4e34d90-9484-4a74-89d6-fc75030c828a,QUIT INDIA MOVEMENT,7,Imported from ICSE curriculum,2026-05-04T18:32:52.469278,2026-05-04T18:32:52.469278
415126df-b37b-4018-9da1-133a5b94c2fe,a4e34d90-9484-4a74-89d6-fc75030c828a,FORWARD BLOC AND THE INA,8,Imported from ICSE curriculum,2026-05-04T18:32:52.469280,2026-05-04T18:32:52.469280
44b482e4-5610-4b52-b6c5-2d63f401a308,a4e34d90-9484-4a74-89d6-fc75030c828a,INDEPENDENCE AND PARTITION OF INDIA,9,Imported from ICSE curriculum,2026-05-04T18:32:52.469282,2026-05-04T18:32:52.469282
0f6c8f6e-7c7d-4602-b431-824cadc73903,a4e34d90-9484-4a74-89d6-fc75030c828a,THE FIRST WORLD WAR,10,Imported from ICSE curriculum,2026-05-04T18:32:52.469284,2026-05-04T18:32:52.469284
27dc5eca-825a-4c69-8b37-27ef8a5eaa4d,a4e34d90-9484-4a74-89d6-fc75030c828a,RISE OF DICTATORSHIP,11,Imported from ICSE curriculum,2026-05-04T18:32:52.469286,2026-05-04T18:32:52.469286
3dc87cff-ce69-4034-8255-585f66413da5,a4e34d90-9484-4a74-89d6-fc75030c828a,THE SECOND WORLD WAR,12,Imported from ICSE curriculum,2026-05-04T18:32:52.469288,2026-05-04T18:32:52.469288
3341e7bb-97e9-4adf-8101-219ad9318dfb,a4e34d90-9484-4a74-89d6-fc75030c828a,UNITED NATIONS,13,Imported from ICSE curriculum,2026-05-04T18:32:52.469290,2026-05-04T18:32:52.469290
2c007660-c433-4ba9-8234-f71e9e47c4a0,a4e34d90-9484-4a74-89d6-fc75030c828a,MAJOR AGENCIES OF THE UNITED NATIONS,14,Imported from ICSE curriculum,2026-05-04T18:32:52.469292,2026-05-04T18:32:52.469292
581b7ef5-8e91-4577-8bf8-bc7e415f4847,a4e34d90-9484-4a74-89d6-fc75030c828a,NON-ALIGNED MOVEMENT,15,Imported from ICSE curriculum,2026-05-04T18:32:52.469295,2026-05-04T18:32:52.469295
d824af94-b0af-4ba6-8f48-4fcc47c631cb,a4e34d90-9484-4a74-89d6-fc75030c828a,THE UNION PARLIAMENT,1,Imported from ICSE curriculum,2026-05-04T18:32:52.469297,2026-05-04T18:32:52.469297
ae463012-9fa6-4a34-bba7-8dfd288b2e3c,a4e34d90-9484-4a74-89d6-fc75030c828a,THE PRESIDENT AND VICE PRESIDENT,2,Imported from ICSE curriculum,2026-05-04T18:32:52.469299,2026-05-04T18:32:52.469299
769e88ce-ea3b-4371-bb32-c26199458e72,a4e34d90-9484-4a74-89d6-fc75030c828a,PRIME MINISTER AND COUNCIL OF MINISTERS,3,Imported from ICSE curriculum,2026-05-04T18:32:52.469301,2026-05-04T18:32:52.469301
02d303ac-ceb7-4f0a-9ec1-57aabdf533ec,a4e34d90-9484-4a74-89d6-fc75030c828a,THE SUPREME COURT,4,Imported from ICSE curriculum,2026-05-04T18:32:52.469303,2026-05-04T18:32:52.469303
afe85859-8f88-4b60-ab52-196f1c13fd53,a4e34d90-9484-4a74-89d6-fc75030c828a,THE HIGH COURTS AND SUBORDINATE COURTS,5,Imported from ICSE curriculum,2026-05-04T18:32:52.469305,2026-05-04T18:32:52.469305
b9eed4f8-3a19-4f69-ae8d-60b66dafc38c,f118c946-6a62-443e-8724-1f6a071829d0,INTERPRETATION OF TOPOGRAPHICAL MAPS,1,Imported from ICSE curriculum,2026-05-04T18:32:52.469307,2026-05-04T18:32:52.469308
35f7270d-9997-4756-851f-0811ba054d0e,f118c946-6a62-443e-8724-1f6a071829d0,MAP OF INDIA,2,Imported from ICSE curriculum,2026-05-04T18:32:52.469310,2026-05-04T18:32:52.469310
2d8627d4-ca9b-4220-872a-6d592f6bc0db,f118c946-6a62-443e-8724-1f6a071829d0,CLIMATE,3,Imported from ICSE curriculum,2026-05-04T18:32:52.469312,2026-05-04T18:32:52.469312
89107f37-0026-421d-84a2-0aeae5388030,f118c946-6a62-443e-8724-1f6a071829d0,SOIL RESOURCES,4,Imported from ICSE curriculum,2026-05-04T18:32:52.469314,2026-05-04T18:32:52.469314
ada202e3-8d86-43f5-95f5-bc1c10f27f46,f118c946-6a62-443e-8724-1f6a071829d0,NATURAL VEGETATION,5,Imported from ICSE curriculum,2026-05-04T18:32:52.469316,2026-05-04T18:32:52.469316
abf2498c-42b6-4eb0-8b34-a382227b27b0,f118c946-6a62-443e-8724-1f6a071829d0,WATER RESOURCES,6,Imported from ICSE curriculum,2026-05-04T18:32:52.469318,2026-05-04T18:32:52.469318
e0d38be9-f858-421a-a2d4-6a5d50e10d90,f118c946-6a62-443e-8724-1f6a071829d0,MINERAL RESOURCES,7,Imported from ICSE curriculum,2026-05-04T18:32:52.469320,2026-05-04T18:32:52.469320
327e3300-6385-4edf-9154-f0c2d75bcfdd,f118c946-6a62-443e-8724-1f6a071829d0,CONVENTIONAL SOURCES OF ENERGY,8,Imported from ICSE curriculum,2026-05-04T18:32:52.469322,2026-05-04T18:32:52.469322
89995da0-7012-471f-9441-fcc90ede73c9,f118c946-6a62-443e-8724-1f6a071829d0,NON-CONVENTIONAL SOURCES OF ENERGY,9,Imported from ICSE curriculum,2026-05-04T18:32:52.469324,2026-05-04T18:32:52.469324
b40b06a3-9182-456d-95e6-c93d3f3f09d7,f118c946-6a62-443e-8724-1f6a071829d0,AGRICULTURE-I,10,Imported from ICSE curriculum,2026-05-04T18:32:52.469326,2026-05-04T18:32:52.469326
d8dc3103-a52b-46d3-bdf6-41728ff57c04,f118c946-6a62-443e-8724-1f6a071829d0,AGRICULTURE-II : FOOD CROPS,11,Imported from ICSE curriculum,2026-05-04T18:32:52.469328,2026-05-04T18:32:52.469328
040412c9-39ba-4127-ad01-ef7fd2d2bef7,f118c946-6a62-443e-8724-1f6a071829d0,AGRICULTURE-III : CASH CROPS (1),12,Imported from ICSE curriculum,2026-05-04T18:32:52.469330,2026-05-04T18:32:52.469330
afe2c2a9-2b24-4d1c-84eb-a35aa26b2c7b,f118c946-6a62-443e-8724-1f6a071829d0,AGRICULTURE-IV : CASH CROPS (2),13,Imported from ICSE curriculum,2026-05-04T18:32:52.469332,2026-05-04T18:32:52.469333
8d9fc86f-9901-4984-a041-5ee005ce2546,f118c946-6a62-443e-8724-1f6a071829d0,MANUFACTURING INDUSTRIES AGRO- BASED,14,Imported from ICSE curriculum,2026-05-04T18:32:52.469334,2026-05-04T18:32:52.469335
e83faf44-c3c1-4771-a1bd-77de94be31b4,f118c946-6a62-443e-8724-1f6a071829d0,MINERAL BASED INDUSTRY,15,Imported from ICSE curriculum,2026-05-04T18:32:52.469652,2026-05-04T18:32:52.469653
8adc6b8e-2305-462b-81bc-83d65f0c7008,f118c946-6a62-443e-8724-1f6a071829d0,TRANSPORT,16,Imported from ICSE curriculum,2026-05-04T18:32:52.469655,2026-05-04T18:32:52.469655
2d409175-3e23-4f44-a78a-435422f25c90,f118c946-6a62-443e-8724-1f6a071829d0,IMPACT OF WASTE ACCUMULATION,17,Imported from ICSE curriculum,2026-05-04T18:32:52.469657,2026-05-04T18:32:52.469658
17ec251a-e586-4be1-a822-c98ded5a4e84,f118c946-6a62-443e-8724-1f6a071829d0,NEED FOR WASTE MANAGEMENT,18,Imported from ICSE curriculum,2026-05-04T18:32:52.469659,2026-05-04T18:32:52.469660
0c97708a-99f1-40f3-ab6f-3bb79fcdbe2d,f118c946-6a62-443e-8724-1f6a071829d0,SANSKAR AUR BHAVNA,1,Imported from ICSE curriculum,2026-05-04T18:32:52.469661,2026-05-04T18:32:52.469662
7d3804e6-b67c-4fd6-b16c-e08f86cda529,f118c946-6a62-443e-8724-1f6a071829d0,BAHU KI VIDA,2,Imported from ICSE curriculum,2026-05-04T18:32:52.469664,2026-05-04T18:32:52.469664
696ce5f5-3481-4025-a60b-b6d9557a861b,f118c946-6a62-443e-8724-1f6a071829d0,MATRABHUMI KA MAAN,3,Imported from ICSE curriculum,2026-05-04T18:32:52.469665,2026-05-04T18:32:52.469666
c923450b-2d2b-4b31-b7b7-f15904420007,f118c946-6a62-443e-8724-1f6a071829d0,SUKHI DAALI,4,Imported from ICSE curriculum,2026-05-04T18:32:52.469667,2026-05-04T18:32:52.469668
1b536682-5c56-434a-9df8-e43fdccb9e7f,f118c946-6a62-443e-8724-1f6a071829d0,MAHABHARAT KI SANJH,5,Imported from ICSE curriculum,2026-05-04T18:32:52.469669,2026-05-04T18:32:52.469670
6e50f026-e3ed-4681-815d-04de2bc965cc,f118c946-6a62-443e-8724-1f6a071829d0,DEEPDAN,6,Imported from ICSE curriculum,2026-05-04T18:32:52.469671,2026-05-04T18:32:52.469672
f2fe6fe4-2036-40db-91f5-c50032c55b4d,f118c946-6a62-443e-8724-1f6a071829d0,BAAT ATTHANI KI,1,Imported from ICSE curriculum,2026-05-04T18:32:52.469673,2026-05-04T18:32:52.469673
d9960458-c732-44d5-a100-a768445be94f,f118c946-6a62-443e-8724-1f6a071829d0,KAKI,2,Imported from ICSE curriculum,2026-05-04T18:32:52.469675,2026-05-04T18:32:52.469675
0be2e636-d862-42d7-bb38-6a994a4f9822,f118c946-6a62-443e-8724-1f6a071829d0,MAHAYAGYA KA PURASKAR,3,Imported from ICSE curriculum,2026-05-04T18:32:52.469677,2026-05-04T18:32:52.469677
ba14fdfd-33ae-4b68-b15f-03f8f55429d1,f118c946-6a62-443e-8724-1f6a071829d0,NETAJI KA CHASHMA,4,Imported from ICSE curriculum,2026-05-04T18:32:52.469679,2026-05-04T18:32:52.469679
f5a16f13-9954-43a0-b969-ff4a0fbf1b3d,f118c946-6a62-443e-8724-1f6a071829d0,APNA APNA BHAGYA,5,Imported from ICSE curriculum,2026-05-04T18:32:52.469681,2026-05-04T18:32:52.469681
9930f49e-02af-4057-a3b4-b0e2fa2d5ac6,f118c946-6a62-443e-8724-1f6a071829d0,BADE GHAR KI BETI,6,Imported from ICSE curriculum,2026-05-04T18:32:52.469682,2026-05-04T18:32:52.469683
4de9a4ae-78bd-4b2d-8879-c4539c92175d,f118c946-6a62-443e-8724-1f6a071829d0,SANDEH,7,Imported from ICSE curriculum,2026-05-04T18:32:52.469684,2026-05-04T18:32:52.469685
47c1cfcc-979c-4562-8f0e-0e8c00d037bc,f118c946-6a62-443e-8724-1f6a071829d0,BHEED ME KHOYA EK AADMI,8,Imported from ICSE curriculum,2026-05-04T18:32:52.469686,2026-05-04T18:32:52.469687
3fb49839-2e77-418e-ab3f-1f2fde441905,f118c946-6a62-443e-8724-1f6a071829d0,BHEDE AUR BHEDIYE,9,Imported from ICSE curriculum,2026-05-04T18:32:52.469688,2026-05-04T18:32:52.469689
5d6ba25c-7d29-4ec8-9630-dfa1ab7ff5f0,f118c946-6a62-443e-8724-1f6a071829d0,DO KALAKAR,10,Imported from ICSE curriculum,2026-05-04T18:32:52.469691,2026-05-04T18:32:52.469691
4ba1ef6c-0b45-425c-a269-79790a953bfb,f118c946-6a62-443e-8724-1f6a071829d0,SAKHI,1,Imported from ICSE curriculum,2026-05-04T18:32:52.469693,2026-05-04T18:32:52.469693
6dc322c7-fa1b-4ca9-a9c9-c07db08e5cff,f118c946-6a62-443e-8724-1f6a071829d0,GIRIDHAR KI KUNDALIYA,2,Imported from ICSE curriculum,2026-05-04T18:32:52.469695,2026-05-04T18:32:52.469695
4022ed40-daed-42b8-b1b9-f2c33537716e,f118c946-6a62-443e-8724-1f6a071829d0,SWARG BANA  SAKHTE HE,3,Imported from ICSE curriculum,2026-05-04T18:32:52.469697,2026-05-04T18:32:52.469697
6d34f02f-14f9-4364-9d3a-01bf3ca4b23f,f118c946-6a62-443e-8724-1f6a071829d0,VAHA JALMA BHUMI MERI,4,Imported from ICSE curriculum,2026-05-04T18:32:52.469699,2026-05-04T18:32:52.469699
025dc6a0-e957-4d9f-9fcc-fda5125b6c99,f118c946-6a62-443e-8724-1f6a071829d0,MEGH AYE,5,Imported from ICSE curriculum,2026-05-04T18:32:52.469701,2026-05-04T18:32:52.469701
f82d0aa4-e293-4490-a27d-f9f197b1d1f0,f118c946-6a62-443e-8724-1f6a071829d0,SUR KE PAD,6,Imported from ICSE curriculum,2026-05-04T18:32:52.469707,2026-05-04T18:32:52.469707
c6a5e9e8-34cd-455e-9a8d-f2abbca53fdc,f118c946-6a62-443e-8724-1f6a071829d0,VINAY KE PAD,7,Imported from ICSE curriculum,2026-05-04T18:32:52.469709,2026-05-04T18:32:52.469709
88be655a-e8e0-434a-84cf-e3ca18bdfeaa,f118c946-6a62-443e-8724-1f6a071829d0,BHIKSHUK,8,Imported from ICSE curriculum,2026-05-04T18:32:52.469711,2026-05-04T18:32:52.469711
2a42e63d-bbf2-45a5-94aa-1d8f984b9e69,f118c946-6a62-443e-8724-1f6a071829d0,CHALNA HAMARA KAM HE,9,Imported from ICSE curriculum,2026-05-04T18:32:52.469713,2026-05-04T18:32:52.469713
d6a90972-9a38-4c99-9905-33a8ab91dba0,f118c946-6a62-443e-8724-1f6a071829d0,MARTRU MANDIR KI OUR,10,Imported from ICSE curriculum,2026-05-04T18:32:52.469715,2026-05-04T18:32:52.469715
7be7d40f-2254-4a67-b7c9-c72cc15e5868,f118c946-6a62-443e-8724-1f6a071829d0,ESSAY WRITING,1,Imported from ICSE curriculum,2026-05-04T18:32:52.469718,2026-05-04T18:32:52.469718
0d018067-d234-4f4c-90c8-e0d3be3125c3,f118c946-6a62-443e-8724-1f6a071829d0,LETTER WRITING,2,Imported from ICSE curriculum,2026-05-04T18:32:52.469720,2026-05-04T18:32:52.469720
c231cd3b-1f21-4f63-8e89-940341b304a2,f118c946-6a62-443e-8724-1f6a071829d0,LING,1,Imported from ICSE curriculum,2026-05-04T18:32:52.469722,2026-05-04T18:32:52.469723
a1570129-b729-40c1-98b5-374a442c2587,f118c946-6a62-443e-8724-1f6a071829d0,VACHAN,2,Imported from ICSE curriculum,2026-05-04T18:32:52.469725,2026-05-04T18:32:52.469725
18faff80-44e0-479d-a198-0e5d0056d925,f118c946-6a62-443e-8724-1f6a071829d0,BHAV VACHAK,3,Imported from ICSE curriculum,2026-05-04T18:32:52.469727,2026-05-04T18:32:52.469728
755b68a4-b5f8-4765-9a84-23fd35886047,f118c946-6a62-443e-8724-1f6a071829d0,VISHESHAN,4,Imported from ICSE curriculum,2026-05-04T18:32:52.469730,2026-05-04T18:32:52.469730
b61081f7-e482-45b1-be72-94ea1da50d7f,f118c946-6a62-443e-8724-1f6a071829d0,PARYAYVACHI,5,Imported from ICSE curriculum,2026-05-04T18:32:52.469732,2026-05-04T18:32:52.469733
1e91621e-811b-4490-8036-c1cda8c44ff9,f118c946-6a62-443e-8724-1f6a071829d0,VILOM,6,Imported from ICSE curriculum,2026-05-04T18:32:52.469735,2026-05-04T18:32:52.469735
b625d09d-0973-47c6-b3cd-ab67e1e53217,f118c946-6a62-443e-8724-1f6a071829d0,ANEK SHABDO EK SHABD,7,Imported from ICSE curriculum,2026-05-04T18:32:52.469737,2026-05-04T18:32:52.469737
4f332b52-47b0-4eb9-a14e-8d6f62271995,f118c946-6a62-443e-8724-1f6a071829d0,KAAL,8,Imported from ICSE curriculum,2026-05-04T18:32:52.469739,2026-05-04T18:32:52.469740
826819f1-6ac6-444b-9246-11b497eacc90,f118c946-6a62-443e-8724-1f6a071829d0,VAKYA KE BHED,9,Imported from ICSE curriculum,2026-05-04T18:32:52.469741,2026-05-04T18:32:52.469742
279d5f13-434e-4a79-9e16-8b2915cf1e1c,f118c946-6a62-443e-8724-1f6a071829d0,VARTANI KI SAMANY ASHUDHIYAN (ASHUDH SHODHAN),10,Imported from ICSE curriculum,2026-05-04T18:32:52.469744,2026-05-04T18:32:52.469745
518056b0-3ee7-451c-a4b4-c0a4aa3532ca,f118c946-6a62-443e-8724-1f6a071829d0,MUHAVARE,11,Imported from ICSE curriculum,2026-05-04T18:32:52.469746,2026-05-04T18:32:52.469747
17b3286d-addf-4725-997a-52b87da9a2e3,f118c946-6a62-443e-8724-1f6a071829d0,VAKYA PARIVARTAN,12,Imported from ICSE curriculum,2026-05-04T18:32:52.469749,2026-05-04T18:32:52.469749
ff96bf41-0d62-474e-97ac-ab1e445c8db4,f118c946-6a62-443e-8724-1f6a071829d0,STAKEHOLDERS IN COMMERCIAL ORGANISATIONS,1,Imported from ICSE curriculum,2026-05-04T18:32:52.469751,2026-05-04T18:32:52.469751
bc477959-6cab-45c5-83a8-50454abe970c,f118c946-6a62-443e-8724-1f6a071829d0,MARKETING AND SALES,2,Imported from ICSE curriculum,2026-05-04T18:32:52.469753,2026-05-04T18:32:52.469753
403dbb66-a990-498d-bd6f-23b63d8d5535,f118c946-6a62-443e-8724-1f6a071829d0,ADVERTISING AND SALES PROMOTION,3,Imported from ICSE curriculum,2026-05-04T18:32:52.470049,2026-05-04T18:32:52.470052
dba12b5f-b9ac-4b4f-b786-25112f938a86,f118c946-6a62-443e-8724-1f6a071829d0,CONSUMER PROTECTION,4,Imported from ICSE curriculum,2026-05-04T18:32:52.470056,2026-05-04T18:32:52.470056
361f4abe-fde2-4acf-a6a0-852cb0204c98,f118c946-6a62-443e-8724-1f6a071829d0,E-COMMERCE,5,Imported from ICSE curriculum,2026-05-04T18:32:52.470058,2026-05-04T18:32:52.470059
ef71276a-fb38-4f3d-b696-01b0b2294912,f118c946-6a62-443e-8724-1f6a071829d0,CAPITAL AND REVENUE EXPENDITURE&INCOME,6,Imported from ICSE curriculum,2026-05-04T18:32:52.470060,2026-05-04T18:32:52.470061
e213b066-18a8-4bc8-8984-3b08f1a9a025,f118c946-6a62-443e-8724-1f6a071829d0,FINAL ACCOUNTS OF SOLE PROPRIETORSHIP,7,Imported from ICSE curriculum,2026-05-04T18:32:52.470062,2026-05-04T18:32:52.470063
e467c028-f0b5-4210-a6a8-f4464fcbe25f,f118c946-6a62-443e-8724-1f6a071829d0,FUNDAMENTAL CONCEPTS OF COST,8,Imported from ICSE curriculum,2026-05-04T18:32:52.470065,2026-05-04T18:32:52.470065
bdec0567-7561-4d7d-b078-88b914787ed6,f118c946-6a62-443e-8724-1f6a071829d0,BUDGETING,9,Imported from ICSE curriculum,2026-05-04T18:32:52.470067,2026-05-04T18:32:52.470067
2cf5d131-5aeb-4931-b6cf-59a54c673827,f118c946-6a62-443e-8724-1f6a071829d0,SOURCES OF FINANCE,10,Imported from ICSE curriculum,2026-05-04T18:32:52.470069,2026-05-04T18:32:52.470069
8178a81d-80e9-4a25-822b-50a674790f3c,f118c946-6a62-443e-8724-1f6a071829d0,RECRUITMENT SELECTION AND TRAINING,11,Imported from ICSE curriculum,2026-05-04T18:32:52.470071,2026-05-04T18:32:52.470071
35a888f8-9ac8-4163-9c8e-4e5c9bb2d2dd,f118c946-6a62-443e-8724-1f6a071829d0,"INDUSTRIAL RELATIONS, TRADE UNIONS AND SOCIAL SECURITY",12,Imported from ICSE curriculum,2026-05-04T18:32:52.470073,2026-05-04T18:32:52.470073
4ee5504f-e71e-4f6b-802f-a850577023ae,f118c946-6a62-443e-8724-1f6a071829d0,LOGISTICS AND INSURANCE,13,Imported from ICSE curriculum,2026-05-04T18:32:52.470075,2026-05-04T18:32:52.470076
c65b3a0e-5c8c-4384-8971-ecb26aa372ac,f118c946-6a62-443e-8724-1f6a071829d0,BANKING,14,Imported from ICSE curriculum,2026-05-04T18:32:52.470077,2026-05-04T18:32:52.470078
7e51e8a0-0681-413d-9de3-7dbec5ab5477,f118c946-6a62-443e-8724-1f6a071829d0,STRIVING FOR BETTER ENVIRONMENT,15,Imported from ICSE curriculum,2026-05-04T18:32:52.470079,2026-05-04T18:32:52.470080
165eb244-2697-4c7b-afcf-9e25cfb0eda5,f118c946-6a62-443e-8724-1f6a071829d0,FACTORS OF PRODUCTION,1,Imported from ICSE curriculum,2026-05-04T18:32:52.470082,2026-05-04T18:32:52.470082
2652a44d-f5a9-4a9d-9f12-457fb56adbaa,f118c946-6a62-443e-8724-1f6a071829d0,ELEMENTARY THEORY OF DEMAND,2,Imported from ICSE curriculum,2026-05-04T18:32:52.470083,2026-05-04T18:32:52.470084
f599ead6-5293-4b08-b3d2-84a53543cf79,f118c946-6a62-443e-8724-1f6a071829d0,ELASTICITY OF DEMAND,3,Imported from ICSE curriculum,2026-05-04T18:32:52.470086,2026-05-04T18:32:52.470086
84b988a1-f3e0-4ee5-a829-2380d93d51db,f118c946-6a62-443e-8724-1f6a071829d0,THEORY OF SUPPLY,4,Imported from ICSE curriculum,2026-05-04T18:32:52.470088,2026-05-04T18:32:52.470088
74da1623-8ca8-4460-9afd-899c1f403cf4,f118c946-6a62-443e-8724-1f6a071829d0,MEANING AND TYPES OF MARKET,5,Imported from ICSE curriculum,2026-05-04T18:32:52.470090,2026-05-04T18:32:52.470090
7346fc38-b385-40d5-8a02-aff89ef47b87,f118c946-6a62-443e-8724-1f6a071829d0,MEANING AND FUNCTION OF MONEY,6,Imported from ICSE curriculum,2026-05-04T18:32:52.470092,2026-05-04T18:32:52.470092
66bd0ef2-3c6f-433b-b522-06d0da600040,f118c946-6a62-443e-8724-1f6a071829d0,COMMERCIAL BANK,7,Imported from ICSE curriculum,2026-05-04T18:32:52.470094,2026-05-04T18:32:52.470094
2fea7280-7c86-40a1-9d7f-04038e4f5c15,f118c946-6a62-443e-8724-1f6a071829d0,CENTRAL BANK,8,Imported from ICSE curriculum,2026-05-04T18:32:52.470096,2026-05-04T18:32:52.470096
55f987fb-8cd9-4fed-a6ae-a0c13290d596,f118c946-6a62-443e-8724-1f6a071829d0,INTRODUCTION TO PUBLIC FINANCE,9,Imported from ICSE curriculum,2026-05-04T18:32:52.470098,2026-05-04T18:32:52.470098
05cb5f55-130d-4e36-ac5c-a937fa8606c2,f118c946-6a62-443e-8724-1f6a071829d0,PUBLIC REVENUE,10,Imported from ICSE curriculum,2026-05-04T18:32:52.470100,2026-05-04T18:32:52.470100
a03cd085-d5e3-4fcb-b7ae-39153f47e313,f118c946-6a62-443e-8724-1f6a071829d0,PUBLIC EXPENDITURE,11,Imported from ICSE curriculum,2026-05-04T18:32:52.470102,2026-05-04T18:32:52.470102
22474539-2295-4094-927b-31a4b84d87a7,f118c946-6a62-443e-8724-1f6a071829d0,PUBLIC DEBT,12,Imported from ICSE curriculum,2026-05-04T18:32:52.470104,2026-05-04T18:32:52.470104
ce0d479c-365b-4e05-b030-23df8eca0d56,f118c946-6a62-443e-8724-1f6a071829d0,INFLATION,13,Imported from ICSE curriculum,2026-05-04T18:32:52.470106,2026-05-04T18:32:52.470106
4455d3aa-acd6-4f58-bccc-afe6aceeb48e,f118c946-6a62-443e-8724-1f6a071829d0,CONSUMER AWARENESS,14,Imported from ICSE curriculum,2026-05-04T18:32:52.470108,2026-05-04T18:32:52.470108
f8972a44-71da-4ae6-89b4-95394903222d,f118c946-6a62-443e-8724-1f6a071829d0,MARKET AND MARKETING,1,Imported from ICSE curriculum,2026-05-04T18:32:52.470110,2026-05-04T18:32:52.470110
71960456-339f-4a38-b9e0-3f8013fe7aef,f118c946-6a62-443e-8724-1f6a071829d0,MARKETING MIX,2,Imported from ICSE curriculum,2026-05-04T18:32:52.470112,2026-05-04T18:32:52.470112
c48000d8-a471-410d-a502-3f035269f9b4,f118c946-6a62-443e-8724-1f6a071829d0,ADVERTISING AND BRAND PRODUCTION,3,Imported from ICSE curriculum,2026-05-04T18:32:52.470114,2026-05-04T18:32:52.470114
8fd73e8e-4b3d-4a5c-8c02-e37d89b8cc9e,f118c946-6a62-443e-8724-1f6a071829d0,SALES AND SELLING PROCESS,4,Imported from ICSE curriculum,2026-05-04T18:32:52.470116,2026-05-04T18:32:52.470116
17accdce-acf8-48c7-ab1d-a9519be1a3e6,f118c946-6a62-443e-8724-1f6a071829d0,GENERALLY ACCEPTED ACCOUNTING PRINCIPLES,5,Imported from ICSE curriculum,2026-05-04T18:32:52.470118,2026-05-04T18:32:52.470118
af4c0c39-0d7e-4c21-adbb-7321d1178c09,f118c946-6a62-443e-8724-1f6a071829d0,FINANCIAL ACCOUNTING AND REPORTION,6,Imported from ICSE curriculum,2026-05-04T18:32:52.470120,2026-05-04T18:32:52.470120
2796e6b5-0cec-42c4-b71e-abbf30aae107,f118c946-6a62-443e-8724-1f6a071829d0,BANKING AND BANK TRANSACTIONS,7,Imported from ICSE curriculum,2026-05-04T18:32:52.470122,2026-05-04T18:32:52.470122
6e805a7d-a20f-4a0a-a288-7fdf5b4e7beb,f118c946-6a62-443e-8724-1f6a071829d0,FUNDAMENTAL CONCEPTS OF COST,8,Imported from ICSE curriculum,2026-05-04T18:32:52.470124,2026-05-04T18:32:52.470124
d1b5f5ae-0fd8-49d1-9bf0-3f171eb5788a,f118c946-6a62-443e-8724-1f6a071829d0,IMPORTANCE OF HUMAN RESOURCES,9,Imported from ICSE curriculum,2026-05-04T18:32:52.470126,2026-05-04T18:32:52.470126
fb6ef674-a126-4724-bee0-e96779c5744f,f118c946-6a62-443e-8724-1f6a071829d0,RECRUITMENT SELECTION AND TRAINING,10,Imported from ICSE curriculum,2026-05-04T18:32:52.470128,2026-05-04T18:32:52.470128
5551d1b1-5791-463b-a568-7faea18a59f5,f118c946-6a62-443e-8724-1f6a071829d0,PUBLIC RELATION,11,Imported from ICSE curriculum,2026-05-04T18:32:52.470131,2026-05-04T18:32:52.470131
d93b4785-d7b7-4f59-87b0-081c3d03a22f,f118c946-6a62-443e-8724-1f6a071829d0,ISSUES OF THE ENVIRONMENT,12,Imported from ICSE curriculum,2026-05-04T18:32:52.470133,2026-05-04T18:32:52.470133
